1,google.com
2,facebook.com
3,youtube.com
4,baidu.com
5,yahoo.com
6,amazon.com
7,wikipedia.org
8,qq.com
9,twitter.com
10,google.co.in
11,taobao.com
12,live.com
13,sina.com.cn
14,linkedin.com
15,yahoo.co.jp
16,weibo.com
17,ebay.com
18,google.co.jp
19,yandex.ru
20,bing.com
21,vk.com
22,hao123.com
23,instagram.com
24,google.de
25,msn.com
26,t.co
27,amazon.co.jp
28,tmall.com
29,google.co.uk
30,pinterest.com
31,wordpress.com
32,mail.ru
33,reddit.com
34,ask.com
35,google.fr
36,blogspot.com
37,paypal.com
38,google.com.br
39,onclickads.net
40,google.ru
41,tumblr.com
42,apple.com
43,aliexpress.com
44,microsoft.com
45,sohu.com
46,imgur.com
47,xvideos.com
48,google.it
49,google.es
50,imdb.com
51,gmw.cn
52,netflix.com
53,amazon.de
54,fc2.com
55,360.cn
56,alibaba.com
57,stackoverflow.com
58,go.com
59,ok.ru
60,google.com.mx
61,google.ca
62,amazon.in
63,google.com.hk
64,tianya.cn
65,amazon.co.uk
66,naver.com
67,rakuten.co.jp
68,craigslist.org
69,pornhub.com
70,diply.com
71,blogger.com
72,google.com.tr
73,flipkart.com
74,espn.go.com
75,xhamster.com
76,soso.com
77,outbrain.com
78,nicovideo.jp
79,google.co.id
80,xinhuanet.com
81,cnn.com
82,googleusercontent.com
83,dropbox.com
84,google.co.kr
85,github.com
86,bongacams.com
87,ebay.de
88,bbc.co.uk
89,google.com.au
90,google.pl
91,pixnet.net
92,kat.cr
93,tradeadexchange.com
94,ebay.co.uk
95,jd.com
96,popads.net
97,sogou.com
98,adobe.com
99,adnetworkperformance.com
100,dailymotion.com
101,nytimes.com
102,directrev.com
103,livedoor.jp
104,163.com
105,alipay.com
106,wikia.com
107,booking.com
108,coccoc.com
109,bbc.com
110,china.com
111,indiatimes.com
112,dailymail.co.uk
113,chase.com
114,terraclicks.com
115,adcash.com
116,dmm.co.jp
117,buzzfeed.com
118,china.com.cn
119,googleadservices.com
120,google.com.sa
121,huffingtonpost.com
122,google.com.eg
123,xnxx.com
124,google.com.tw
125,youku.com
126,office.com
127,amazon.cn
128,uol.com.br
129,snapdeal.com
130,microsoftonline.com
131,google.com.ar
132,amazonaws.com
133,walmart.com
134,slideshare.net
135,ameblo.jp
136,amazon.fr
137,daum.net
138,blogspot.in
139,whatsapp.com
140,etsy.com
141,google.com.pk
142,bankofamerica.com
143,yelp.com
144,twitch.tv
145,chinadaily.com.cn
146,globo.com
147,theguardian.com
148,stackexchange.com
149,aol.com
150,flickr.com
151,indeed.com
152,tudou.com
153,detail.tmall.com
154,cnet.com
155,cntv.cn
156,ettoday.net
157,amazon.it
158,cnzz.com
159,quora.com
160,google.nl
161,douban.com
162,soundcloud.com
163,weather.com
164,forbes.com
165,reimageplus.com
166,redtube.com
167,naver.jp
168,loading-delivery2.com
169,google.co.za
170,bp.blogspot.com
171,wellsfargo.com
172,google.co.ve
173,target.com
174,vice.com
175,youporn.com
176,adf.ly
177,zillow.com
178,salesforce.com
179,google.gr
180,kakaku.com
181,leboncoin.fr
182,vimeo.com
183,ikea.com
184,avito.ru
185,godaddy.com
186,bestbuy.com
187,gmail.com
188,goo.ne.jp
189,spaceshipads.com
190,about.com
191,nih.gov
192,allegro.pl
193,tripadvisor.com
194,livejournal.com
195,tubecup.com
196,foxnews.com
197,adplxmd.com
198,doublepimp.com
199,google.com.ua
200,w3schools.com
201,files.wordpress.com
202,washingtonpost.com
203,deviantart.com
204,theladbible.com
205,feedly.com
206,themeforest.net
207,wikihow.com
208,wordpress.org
209,mozilla.org
210,office365.com
211,9gag.com
212,taboola.com
213,zhihu.com
214,hclips.com
215,akamaihd.net
216,americanexpress.com
217,businessinsider.com
218,google.com.co
219,google.cn
220,zol.com.cn
221,onet.pl
222,comcast.net
223,gfycat.com
224,mediafire.com
225,amazon.es
226,pixiv.net
227,wix.com
228,force.com
229,mystart.com
230,ups.com
231,softonic.com
232,nfl.com
233,detik.com
234,usps.com
235,steamcommunity.com
236,secureserver.net
237,shutterstock.com
238,google.com.sg
239,archive.org
240,wikimedia.org
241,51.la
242,google.ro
243,telegraph.co.uk
244,google.com.ng
245,homedepot.com
246,bilibili.com
247,skype.com
248,google.com.ph
249,doorblog.jp
250,weebly.com
251,google.se
252,popcash.net
253,web.de
254,github.io
255,ebay-kleinanzeigen.de
256,addthis.com
257,rambler.ru
258,steampowered.com
259,ndtv.com
260,hdfcbank.com
261,avg.com
262,blogspot.com.br
263,nametests.com
264,mailchimp.com
265,bitauto.com
266,orange.fr
267,gamer.com.tw
268,hulu.com
269,google.co.th
270,youm7.com
271,espncricinfo.com
272,gmx.net
273,huanqiu.com
274,sourceforge.net
275,ifeng.com
276,hp.com
277,speedtest.net
278,xywy.com
279,mercadolivre.com.br
280,groupon.com
281,livejasmin.com
282,wordreference.com
283,google.at
284,webmd.com
285,tlbb8.com
286,ebay.in
287,answers.com
288,xfinity.com
289,hootsuite.com
290,fedex.com
291,google.be
292,uptodown.com
293,usatoday.com
294,stumbleupon.com
295,blogfa.com
296,xuite.net
297,google.pt
298,goodreads.com
299,media.tumblr.com
300,wp.pl
301,icicibank.com
302,capitalone.com
303,paytm.com
304,bloomberg.com
305,thesaurus.com
306,t-online.de
307,blog.jp
308,mashable.com
309,fbcdn.net
310,google.com.pe
311,pandora.com
312,smzdm.com
313,bet365.com
314,spiegel.de
315,amazon.ca
316,bild.de
317,google.ae
318,seznam.cz
319,caijing.com.cn
320,extratorrent.cc
321,dell.com
322,udn.com
323,wsj.com
324,warmportrait.com
325,dmm.com
326,spotify.com
327,1688.com
328,kaskus.co.id
329,putlocker.is
330,2ch.net
331,jabong.com
332,engadget.com
333,ign.com
334,google.az
335,google.ch
336,gameforge.com
337,macys.com
338,chaturbate.com
339,samsung.com
340,att.com
341,life.com.tw
342,abs-cbnnews.com
343,rutracker.org
344,trello.com
345,badoo.com
346,gsmarena.com
347,accuweather.com
348,chaoshi.tmall.com
349,varzesh3.com
350,twimg.com
351,onlinesbi.com
352,mama.cn
353,styletv.com.cn
354,youth.cn
355,mega.nz
356,zendesk.com
357,adidas.tmall.com
358,1905.com
359,rediff.com
360,liveadexchanger.com
361,watsons.tmall.com
362,livedoor.biz
363,milliyet.com.tr
364,reference.com
365,upornia.com
366,tistory.com
367,icloud.com
368,google.cl
369,haosou.com
370,reuters.com
371,liputan6.com
372,google.com.bd
373,google.cz
374,kickstarter.com
375,verizonwireless.com
376,sberbank.ru
377,39.net
378,babytree.com
379,flirchi.com
380,eksisozluk.com
381,kouclo.com
382,sahibinden.com
383,shopclues.com
384,mydomainadvisor.com
385,impress.co.jp
386,ebay.it
387,bleacherreport.com
388,evernote.com
389,slickdeals.net
390,mlb.com
391,vid.me
392,iqiyi.com
393,enet.com.cn
394,tube8.com
395,hurriyet.com.tr
396,baike.com
397,infusionsoft.com
398,liveinternet.ru
399,kohls.com
400,oracle.com
401,newegg.com
402,people.com.cn
403,google.hu
404,51yes.com
405,yaolan.com
406,ijreview.com
407,cnnic.cn
408,thefreedictionary.com
409,trackingclick.net
410,ask.fm
411,slack.com
412,torrentz.eu
413,google.co.il
414,pinimg.com
415,ppomppu.co.kr
416,lady8844.com
417,kinopoisk.ru
418,taleo.net
419,likes.com
420,scribd.com
421,youradexchange.com
422,google.ie
423,gap.com
424,yandex.ua
425,list-manage.com
426,repubblica.it
427,libero.it
428,4shared.com
429,ebay.com.au
430,quikr.com
431,photobucket.com
432,ltn.com.tw
433,onedio.com
434,rt.com
435,meetup.com
436,livedoor.com
437,ce.cn
438,blogimg.jp
439,cbssports.com
440,citi.com
441,goal.com
442,uploaded.net
443,retailmenot.com
444,gizmodo.com
445,rbc.ru
446,buzzfil.net
447,hm.com
448,eastday.com
449,elpais.com
450,cloudfront.net
451,olx.in
452,lifehacker.com
453,pconline.com.cn
454,ameba.jp
455,surveymonkey.com
456,exoclick.com
457,goodgamestudios.com
458,kinogo.co
459,xe.com
460,theverge.com
461,ewt.cc
462,google.fi
463,teepr.com
464,savefrom.net
465,fiverr.com
466,intuit.com
467,kompas.com
468,marca.com
469,neobux.com
470,disqus.com
471,battle.net
472,google.dz
473,naukri.com
474,free.fr
475,asos.com
476,xda-developers.com
477,souq.com
478,lowes.com
479,nordstrom.com
480,mobile.de
481,independent.co.uk
482,allrecipes.com
483,time.com
484,aparat.com
485,medium.com
486,techcrunch.com
487,4dsply.com
488,nbcnews.com
489,nyaa.se
490,torrentz.in
491,autohome.com.cn
492,java.com
493,lenovo.com
494,expedia.com
495,stockstar.com
496,plarium.com
497,gmarket.co.kr
498,tabelog.com
499,youboy.com
500,epweike.com
501,chip.de
502,corriere.it
503,glassdoor.com
504,playstation.com
505,urdupoint.com
506,streamcloud.eu
507,zippyshare.com
508,subscene.com
509,chinaz.com
510,hotels.com
511,google.sk
512,irctc.co.in
513,ero-advertising.com
514,sabq.org
515,webssearches.com
516,eyny.com
517,mercadolibre.com.ar
518,myway.com
519,wunderground.com
520,cnbeta.com
521,blackboard.com
522,ancestry.com
523,airbnb.com
524,hatena.ne.jp
525,people.com
526,justdial.com
527,issuu.com
528,qunar.com
529,albawabhnews.com
530,google.com.vn
531,mercadolibre.com.ve
532,azlyrics.com
533,timeanddate.com
534,nifty.com
535,box.com
536,kijiji.ca
537,gamefaqs.com
538,doubleclick.net
539,nike.com
540,youtube-mp3.org
541,costco.com
542,instructables.com
543,lenta.ru
544,kayak.com
545,11st.co.kr
546,csdn.net
547,realtor.com
548,jimdo.com
549,6pm.com
550,olx.pl
